{"cameraMode":{"drawMode":0,"name":"Shaded","section":"Shading Mode"},"sceneLighting":false,"audioPlay":false,"sceneViewState":{"showFog":false,"showMaterialUpdate":false,"showSkybox":false,"showFlares":false,"showImageEffects":false,"showParticleSystems":false},"in2DMode":false,"pivot":{"x":-11.484756469726563,"y":-47.79133605957031,"z":65.7874755859375},"rotation":{"x":0.16539163887500764,"y":-0.251388281583786,"z":0.04364430904388428,"w":0.9526539444923401},"size":174.2563934326172,"orthographic":false}