{"cameraMode":{"drawMode":0,"name":"Shaded","section":"Shading Mode"},"sceneLighting":true,"audioPlay":false,"sceneViewState":{"showFog":false,"showMaterialUpdate":false,"showSkybox":false,"showFlares":false,"showImageEffects":false,"showParticleSystems":false},"in2DMode":false,"pivot":{"x":110.15648651123047,"y":5.893296241760254,"z":-40.98698043823242},"rotation":{"x":-0.03821435570716858,"y":0.9602466225624085,"z":-0.16582156717777253,"w":-0.22129333019256593},"size":17.388378143310548,"orthographic":false}