{"cameraMode":{"drawMode":0,"name":"Shaded","section":"Shading Mode"},"sceneLighting":false,"audioPlay":false,"sceneViewState":{"showFog":false,"showMaterialUpdate":false,"showSkybox":false,"showFlares":false,"showImageEffects":false,"showParticleSystems":false},"in2DMode":false,"pivot":{"x":1.35042405128479,"y":0.0914926826953888,"z":-27.181718826293947},"rotation":{"x":0.5120619535446167,"y":-0.09391970187425614,"z":0.05645175278186798,"w":0.851932168006897},"size":0.4238230586051941,"orthographic":false}