{"cameraMode":{"drawMode":0,"name":"Shaded","section":"Shading Mode"},"sceneLighting":true,"audioPlay":false,"sceneViewState":{"showFog":true,"showMaterialUpdate":false,"showSkybox":true,"showFlares":true,"showImageEffects":true,"showParticleSystems":true},"in2DMode":false,"pivot":{"x":-14.919036865234375,"y":9.160568237304688,"z":-21.54094696044922},"rotation":{"x":0.211978018283844,"y":-0.05127997696399689,"z":0.011139503680169583,"w":0.9758654832839966},"size":364.61083984375,"orthographic":false}